failed,seed,loss,intent_acc,intent_micro_f1,intent_micro_precision,intent_micro_recall,intent_macro_f1,intent_threshold_used,slot_precision,slot_recall,slot_f1,mean_intent_slot,mean_f1,semantic_acc,mean_exit_layer,std_exit_layer,pct_full_pass,layer_savings_pct,balanced_score,train_wall_time_sec,peak_gpu_mem_MB,num_unfrozen_layers,num_layers,est_train_flops_per_sample,est_inference_flops_per_sample,unfreeze_position,error
False,42,0.013605949213578047,0.9986002799440112,0.9996328350380278,0.9993707393812271,0.9998950682056663,0.7774919946156991,0.39999999999999997,0.9692724990891057,0.9760691426474785,0.9726589477960592,0.9856296138700352,0.9861458914170436,0.8594281143771246,14.948410034179688,0.2212192863225937,0.9484103322029114,0.003439331054687522,0.718862012476561,9992.41953349486,7955.376953125,16.0,16.0,161061273600.0,161061273600.0,early,
False,43,0.013831901221810215,0.9992001599680064,0.9997376567500919,0.9997901143876587,0.999685204616999,0.7775734911778904,0.75,0.9694637939413575,0.9759060703656895,0.9726742650494706,0.9859372125087384,0.9862059608997813,0.8608278344331134,14.949210166931152,0.21959024667739868,0.9492101669311523,0.003385988871256518,0.719323602319784,9923.43302047113,7973.607421875,16.0,16.0,161061273600.0,161061273600.0,early,
False,44,0.01401018058265055,0.9982003599280144,0.9994226630976749,0.9997899821484826,0.9990556138509968,0.7773273709047956,0.95,0.9687942688306957,0.9758245342247951,0.9722966934763182,0.9852485267021662,0.9858596782869966,0.8582283543291341,14.949009895324707,0.21999891102313995,0.9490101933479309,0.0033993403116862053,0.7184205334939019,9980.271226800978,7962.2978515625,16.0,16.0,161061273600.0,161061273600.0,early,
False,42,0.01482677758858612,0.9994001199760048,0.9998425775305662,1.0,0.999685204616999,0.7776561751560085,0.95,0.9670063076176614,0.9750091728158506,0.9709912506851262,0.9851956853305655,0.9854169141078462,0.8524295140971806,14.948410034179688,0.2212192863225937,0.9484103322029114,0.003439331054687522,0.7175200001028709,9212.185516166966,7559.44140625,16.0,16.0,161061273600.0,161061273600.0,middle,
False,43,0.014793267077038763,0.9992001599680064,0.9997901143876587,0.999895046179681,0.999685204616999,0.7776169731338727,0.95,0.9667420997332903,0.9752945493089812,0.9709994926433283,0.9850998263056674,0.9853948035154936,0.851629674065187,14.948410034179688,0.2212192863225937,0.9484103322029114,0.003439331054687522,0.7172945164459845,7805.140597817954,7570.89501953125,16.0,16.0,161061273600.0,161061273600.0,middle,
False,44,0.015514321768520245,0.999000199960008,0.9997377117977233,0.9995804049092626,0.9998950682056663,0.777572108132544,0.5499999999999999,0.9664915117219078,0.9748053324636144,0.9706306196594208,0.9848154098097144,0.985184165728572,0.8512297540491902,14.948410034179688,0.2212192863225937,0.9484103322029114,0.003439331054687522,0.7171018849936552,7412.559954944998,7560.37939453125,16.0,16.0,161061273600.0,161061273600.0,middle,
False,42,0.017034004137105756,0.9984003199360127,0.9993705413344524,0.999160897839312,0.9995802728226653,0.7772917777579224,0.7999999999999999,0.9647343970914967,0.973623058420645,0.9691583475367259,0.9837793337363694,0.9842644444355891,0.8438312337532493,14.949009895324707,0.21999891102313995,0.9490101933479309,0.0033993403116862053,0.7152022889182725,5796.457231116947,6777.1953125,16.0,16.0,161061273600.0,161061273600.0,late,
False,43,0.01748875029368911,0.9976004799040192,0.9992657856093979,0.9988467183895995,0.999685204616999,0.7772103724549991,0.49999999999999994,0.9646897220426632,0.9734599861388561,0.9690550110590289,0.9833277454815241,0.9841603983342134,0.8432313537292542,14.949009895324707,0.21999891102313995,0.9490101933479309,0.0033993403116862053,0.7148163493785316,6602.079416717868,6778.78955078125,16.0,16.0,161061273600.0,161061273600.0,late,
False,44,0.0174646586322091,0.9984003199360127,0.9994229659549914,0.9992657085912094,0.9995802728226653,0.7773304876231069,0.7999999999999999,0.96346921495101,0.9741530433364589,0.968781674437462,0.9835909971867374,0.9841023201962267,0.8408318336332733,14.949210166931152,0.21959024667739868,0.9492101669311523,0.003385988871256518,0.7145585399743293,7256.256850733887,6781.19580078125,16.0,16.0,161061273600.0,161061273600.0,late,
False,42,0.013568177538000221,0.9996000799840032,0.9998950792151925,0.9997901804448175,1.0,0.777695601620684,0.15,0.9675736869769135,0.975620693872559,0.971580528602168,0.9855903042930856,0.9857378039086803,0.855628874225155,14.949009895324707,0.21999891102313995,0.9490101933479309,0.0033993403116862053,0.7182900848953236,8724.364432223607,9041.173828125,16.0,16.0,161061273600.0,161061273600.0,early+middle,
False,43,0.013545043549788933,0.9998000399920016,0.9999475368553591,0.9998950792151925,1.0,0.7777359909740504,0.1,0.9689586790238375,0.9760691426474785,0.9725009139282668,0.9861504769601341,0.986224225391813,0.8614277144571085,14.949210166931152,0.21959024667739868,0.9492101669311523,0.003385988871256518,0.7196281084547896,9698.863725882024,9046.92431640625,16.0,16.0,161061273600.0,161061273600.0,early+middle,
False,44,0.013499854041339522,0.9996000799840032,0.999842594050055,0.9998950571938293,0.9997901364113326,0.7776544020857565,0.6,0.9682494741951141,0.9759468384361368,0.9720829188069763,0.9858414993954898,0.9859627564285156,0.8584283143371326,14.948610305786133,0.22081342339515686,0.9486103057861328,0.0034259796142578347,0.7189128708733209,10039.436113621108,9042.48681640625,16.0,16.0,161061273600.0,161061273600.0,early+middle,
False,42,0.015269371314630166,0.9998000399920016,0.9998950682056663,0.9998950682056663,0.9998950682056663,0.7776961574708612,0.7,0.9668836682705916,0.9748461005340617,0.9708485586682907,0.9853242993301461,0.9853718134369784,0.8528294341131774,14.949210166931152,0.21959024667739868,0.9492101669311523,0.003385988871256518,0.7176953493972947,9793.902437522076,8645.70703125,16.0,16.0,161061273600.0,161061273600.0,middle+late,
False,43,0.015565378999243826,0.9996000799840032,0.9998950792151925,0.9997901804448175,1.0,0.777695601620684,0.5499999999999999,0.9666531932093775,0.9749684047454034,0.970792993565934,0.9851965367749687,0.9853440363905632,0.8512297540491902,14.948410034179688,0.2212192863225937,0.9484103322029114,0.003439331054687522,0.7173218166663518,9772.159550881013,8653.86376953125,16.0,16.0,161061273600.0,161061273600.0,middle+late,
False,44,0.015321517753616678,0.9992001599680064,0.9997901143876587,0.999895046179681,0.999685204616999,0.7776119748457407,0.95,0.9673091687881359,0.9759060703656895,0.9715886029710202,0.9853943814695133,0.9856893586793395,0.8554289142171566,14.948610305786133,0.22081342339515686,0.9486103057861328,0.0034259796142578347,0.7181246654072325,8356.811663507018,8653.16064453125,16.0,16.0,161061273600.0,161061273600.0,middle+late,
False,42,0.013515814599419643,0.9996000799840032,0.9998950792151925,0.9997901804448175,1.0,0.7776960947043516,0.2,0.9677654196157736,0.9754983896612174,0.9716165184553539,0.9856082992196786,0.9857557988352732,0.8562287542491501,14.948810577392578,0.220406636595726,0.9488102197647095,0.003412628173828147,0.7184178815973064,8606.940756585915,9040.048828125,16.0,16.0,161061273600.0,161061273600.0,early+late,
False,43,0.01353478790982868,0.999000199960008,0.9997377117977233,0.9995804049092626,0.9998950682056663,0.7775726283368493,0.2,0.9683908045977011,0.9754576215907701,0.9719113674675548,0.9854557837137814,0.985824539632639,0.8578284343131374,14.948610305786133,0.22081342339515686,0.9486103057861328,0.0034259796142578347,0.7185783766623541,8920.112799249124,9048.06494140625,16.0,16.0,161061273600.0,161061273600.0,early+late,
False,44,0.014061653984806534,0.9992001599680064,0.9997901804448175,0.9995804489196559,1.0,0.7776133390860941,0.2,0.9692257855523162,0.9758245342247951,0.972513966480447,0.9858570632242267,0.9861520734626322,0.8602279544091181,14.948610305786133,0.22081342339515686,0.9486103057861328,0.0034259796142578347,0.7192001521414481,7854.966474523768,9045.04931640625,16.0,16.0,161061273600.0,161061273600.0,early+late,
True,42,,,,,,,,,,,,,,,,,,,,,,,,,all,"CUDA out of memory. Tried to allocate 32.00 MiB. GPU 0 has a total capacity of 31.36 GiB of which 2.69 MiB is free. Including non-PyTorch memory, this process has 11.48 GiB memory in use. Process 3085745 has 19.85 GiB memory in use. Of the allocated memory 10.61 GiB is allocated by PyTorch, and 285.17 MiB is reserved by PyTorch but unallocated. If reserved but unallocated memory is large try setting PYTORCH_CUDA_ALLOC_CONF=expandable_segments:True to avoid fragmentation.  See documentation for Memory Management  (https://docs.pytorch.org/docs/stable/notes/cuda.html#optimizing-memory-usage-with-pytorch-cuda-alloc-conf)"
True,43,,,,,,,,,,,,,,,,,,,,,,,,,all,"CUDA out of memory. Tried to allocate 20.00 MiB. GPU 0 has a total capacity of 31.36 GiB of which 8.69 MiB is free. Including non-PyTorch memory, this process has 11.47 GiB memory in use. Process 3085745 has 19.85 GiB memory in use. Of the allocated memory 10.81 GiB is allocated by PyTorch, and 74.97 MiB is reserved by PyTorch but unallocated. If reserved but unallocated memory is large try setting PYTORCH_CUDA_ALLOC_CONF=expandable_segments:True to avoid fragmentation.  See documentation for Memory Management  (https://docs.pytorch.org/docs/stable/notes/cuda.html#optimizing-memory-usage-with-pytorch-cuda-alloc-conf)"
True,44,,,,,,,,,,,,,,,,,,,,,,,,,all,"CUDA out of memory. Tried to allocate 32.00 MiB. GPU 0 has a total capacity of 31.36 GiB of which 28.69 MiB is free. Including non-PyTorch memory, this process has 11.45 GiB memory in use. Process 3085745 has 19.85 GiB memory in use. Of the allocated memory 10.70 GiB is allocated by PyTorch, and 169.10 MiB is reserved by PyTorch but unallocated. If reserved but unallocated memory is large try setting PYTORCH_CUDA_ALLOC_CONF=expandable_segments:True to avoid fragmentation.  See documentation for Memory Management  (https://docs.pytorch.org/docs/stable/notes/cuda.html#optimizing-memory-usage-with-pytorch-cuda-alloc-conf)"
False,42,0.33901469887921604,0.5808838232353529,0.8442753585933885,0.827638342908981,0.861594963273872,0.6574101275959924,0.5499999999999999,0.7246464359320588,0.8313832606302743,0.7743540088473733,0.677618916041363,0.8093146837203808,0.2715456908618276,14.957608222961426,0.20150086283683777,0.9576084613800049,0.0028261184692383035,0.43160948569037627,5927.600179614965,5302.912109375,16.0,16.0,161061273600.0,161061273600.0,none,
False,43,0.3445919641909508,0.5706858628274345,0.8414652996032769,0.826601882781658,0.8568730325288563,0.6552903934428067,0.5499999999999999,0.7297720797720798,0.8354192996045497,0.7790302039574978,0.6748580333924661,0.8102477517803873,0.27194561087782443,14.955808639526367,0.20554015040397644,0.9558088183403015,0.002946090698242143,0.4288933416434526,6247.095297025982,5300.42822265625,16.0,16.0,161061273600.0,161061273600.0,none,
False,44,0.34279638009901625,0.5776844631073785,0.8437162960299933,0.8262750226335379,0.861909758656873,0.6571734368422848,0.5499999999999999,0.7292400783057483,0.8352562273227608,0.7786561264822134,0.678170294794796,0.8111862112561034,0.27394521095780844,14.957608222961426,0.20150086283683777,0.9576084613800049,0.0028261184692383035,0.43159746355511064,6042.907247120049,5296.67822265625,16.0,16.0,161061273600.0,161061273600.0,none,
