failed,seed,loss,intent_acc,intent_micro_f1,intent_micro_precision,intent_micro_recall,intent_macro_f1,intent_threshold_used,slot_precision,slot_recall,slot_f1,mean_intent_slot,mean_f1,semantic_acc,mean_exit_layer,std_exit_layer,pct_full_pass,layer_savings_pct,balanced_score,train_wall_time_sec,peak_gpu_mem_MB,num_unfrozen_layers,num_layers,est_train_flops_per_sample,est_inference_flops_per_sample,unfrozen_ratio,error
False,42,0.33901469887921604,0.5808838232353529,0.8442753585933885,0.827638342908981,0.861594963273872,0.6574101275959924,0.5499999999999999,0.7246464359320588,0.8313832606302743,0.7743540088473733,0.677618916041363,0.8093146837203808,0.2715456908618276,14.957608222961426,0.20150086283683777,0.9576084613800049,0.0028261184692383035,0.43160948569037627,7546.337640404701,5302.912109375,0.0,16.0,161061273600.0,161061273600.0,0.0,
False,43,0.3445919641909508,0.5706858628274345,0.8414652996032769,0.826601882781658,0.8568730325288563,0.6552903934428067,0.5499999999999999,0.7297720797720798,0.8354192996045497,0.7790302039574978,0.6748580333924661,0.8102477517803873,0.27194561087782443,14.955808639526367,0.20554015040397644,0.9558088183403015,0.002946090698242143,0.4288933416434526,7532.061660678592,5300.42822265625,0.0,16.0,161061273600.0,161061273600.0,0.0,
False,44,0.34279638009901625,0.5776844631073785,0.8437162960299933,0.8262750226335379,0.861909758656873,0.6571734368422848,0.5499999999999999,0.7292400783057483,0.8352562273227608,0.7786561264822134,0.678170294794796,0.8111862112561034,0.27394521095780844,14.957608222961426,0.20150086283683777,0.9576084613800049,0.0028261184692383035,0.43159746355511064,7909.664994623046,5296.67822265625,0.0,16.0,161061273600.0,161061273600.0,0.0,
False,42,0.014013534182397732,0.9974005198960207,0.9992658626114316,0.9987421383647799,0.9997901364113326,0.7772080287361083,0.5499999999999999,0.9686425247825208,0.975987606506584,0.972301194054098,0.9848508569750594,0.9857835283327647,0.858628274345131,14.949009895324707,0.21999891102313995,0.9490101933479309,0.0033993403116862053,0.7182415279989451,11284.41412709793,7422.69189453125,2.0,16.0,161061273600.0,161061273600.0,0.1,
False,43,0.014642828508860806,0.9972005598880224,0.9991084071956784,0.9987417426863794,0.9994753410283316,0.7770837446229271,0.44999999999999996,0.9686234817813765,0.9753760854498756,0.9719880558207561,0.9845943078543893,0.9855482315082172,0.8570285942811438,14.949410438537598,0.2191806435585022,0.9494101405143738,0.0033726374308268303,0.7177961040573966,10351.485796011053,7436.154296875,2.0,16.0,161061273600.0,161061273600.0,0.1,
False,44,0.014184895408990312,0.9986002799440112,0.9995803168607701,0.9994754511120436,0.999685204616999,0.7774496785620363,0.5499999999999999,0.9686753814399611,0.9757837661543479,0.9722165806897113,0.9854084303168613,0.9858984487752407,0.8582283543291341,14.949009895324707,0.21999891102313995,0.9490101933479309,0.0033993403116862053,0.7185502021207619,10225.806872995105,7420.72119140625,2.0,16.0,161061273600.0,161061273600.0,0.1,
False,42,0.013644118630587638,0.9988002399520096,0.9996327579875137,0.9995803168607701,0.999685204616999,0.7774913154201779,0.9,0.9690333549222798,0.9759468384361368,0.9724778095992526,0.985639024775631,0.9860552837933831,0.8608278344331134,14.949009895324707,0.21999891102313995,0.9490101933479309,0.0033993403116862053,0.7191692948984929,10174.710321067367,7687.908203125,3.0,16.0,161061273600.0,161061273600.0,0.2,
False,43,0.01450130740967159,0.9988002399520096,0.999527831698232,0.9994753960759627,0.9995802728226653,0.7774075384780696,0.6,0.9680407783486387,0.9755391577316646,0.9717755035737491,0.9852878717628794,0.9856516676359905,0.8552289542091581,14.948810577392578,0.220406636595726,0.9488102197647095,0.003412628173828147,0.7179519367798891,10138.511622196063,7702.97119140625,3.0,16.0,161061273600.0,161061273600.0,0.2,
False,44,0.01372434907711294,0.999000199960008,0.9997376842767955,0.9996852376455776,0.9997901364113326,0.7775735209620324,0.85,0.9687626446548515,0.9760691426474785,0.9724021688361797,0.9857011843980938,0.9860699265564876,0.8588282343531294,14.949410438537598,0.2191806435585022,0.9494101405143738,0.0033726374308268303,0.7188263478554568,10143.567281123716,7691.0634765625,3.0,16.0,161061273600.0,161061273600.0,0.2,
False,42,0.013456445564192307,0.9996000799840032,0.9998950682056663,0.9998950682056663,0.9998950682056663,0.7776942669368325,0.65,0.9676453935129014,0.9754168535203229,0.9715155821743985,0.9855578310792008,0.9857053251900324,0.8554289142171566,14.948610305786133,0.22081342339515686,0.9486103057861328,0.0034259796142578347,0.7182486330397049,10812.869100066833,8225.580078125,5.0,16.0,161061273600.0,161061273600.0,0.3,
False,43,0.013450707859758953,0.9996000799840032,0.9998950682056663,0.9998950682056663,0.9998950682056663,0.7776956643871935,0.39999999999999997,0.9691547927461139,0.9760691426474785,0.9725996790770418,0.9860998795305225,0.9862473736413541,0.8624275144971005,14.949009895324707,0.21999891102313995,0.9490101933479309,0.0033993403116862053,0.7197772053828811,10524.49141856609,8241.888671875,5.0,16.0,161061273600.0,161061273600.0,0.3,
False,44,0.013512740386972154,0.9996000799840032,0.9998950792151925,0.9997901804448175,1.0,0.7776954838245386,0.25,0.9684223310797133,0.9752130131680867,0.9718058094657729,0.9857029447248881,0.9858504443404827,0.8572285542891421,14.949410438537598,0.2191806435585022,0.9494101405143738,0.0033726374308268303,0.7186315052958568,10400.016817640979,8230.3916015625,5.0,16.0,161061273600.0,161061273600.0,0.3,
False,42,0.013379348911734234,0.9994001199760048,0.9998426105660774,0.9997901584303851,0.9998950682056663,0.7776555588834279,0.44999999999999996,0.96844277218109,0.9758653022952424,0.9721398692279576,0.9857699946019811,0.9859912398970174,0.8578284343131374,14.948410034179688,0.2212192863225937,0.9484103322029114,0.003439331054687522,0.7187433655933552,10407.080076518934,8497.470703125,6.0,16.0,161061273600.0,161061273600.0,0.4,
False,43,0.01354635079344251,0.9996000799840032,0.9998950792151925,0.9997901804448175,1.0,0.7776954838245386,0.5499999999999999,0.9685603301772275,0.9758653022952424,0.9721990942875129,0.9858995871357581,0.9860470867513527,0.8590281943611278,14.948410034179688,0.2212192863225937,0.9484103322029114,0.003439331054687522,0.7190572673189365,10393.700611826032,8510.33056640625,6.0,16.0,161061273600.0,161061273600.0,0.4,
False,44,0.013779191104612445,0.9992001599680064,0.9997901584303851,0.9996852706672262,0.9998950682056663,0.7776135175828274,0.39999999999999997,0.969503057794338,0.9759060703656895,0.9726940268183665,0.9859470933931864,0.9862420926243758,0.8622275544891022,14.948410034179688,0.2212192863225937,0.9484103322029114,0.003439331054687522,0.7196259148079881,11662.244805235881,8497.08056640625,6.0,16.0,161061273600.0,161061273600.0,0.4,
False,42,0.013568177538000221,0.9996000799840032,0.9998950792151925,0.9997901804448175,1.0,0.777695601620684,0.15,0.9675736869769135,0.975620693872559,0.971580528602168,0.9855903042930856,0.9857378039086803,0.855628874225155,14.949009895324707,0.21999891102313995,0.9490101933479309,0.0033993403116862053,0.7182900848953236,12283.191166737117,9021.751953125,8.0,16.0,161061273600.0,161061273600.0,0.5,
False,43,0.013545043549788933,0.9998000399920016,0.9999475368553591,0.9998950792151925,1.0,0.7777359909740504,0.1,0.9689586790238375,0.9760691426474785,0.9725009139282668,0.9861504769601341,0.986224225391813,0.8614277144571085,14.949210166931152,0.21959024667739868,0.9492101669311523,0.003385988871256518,0.7196281084547896,11659.492524910718,9046.919921875,8.0,16.0,161061273600.0,161061273600.0,0.5,
False,44,0.013499854041339522,0.9996000799840032,0.999842594050055,0.9998950571938293,0.9997901364113326,0.7776544020857565,0.6,0.9682494741951141,0.9759468384361368,0.9720829188069763,0.9858414993954898,0.9859627564285156,0.8584283143371326,14.948610305786133,0.22081342339515686,0.9486103057861328,0.0034259796142578347,0.7189128708733209,10531.967017449904,9042.48681640625,8.0,16.0,161061273600.0,161061273600.0,0.5,
False,42,0.013569083181791008,0.9996000799840032,0.9998950792151925,0.9997901804448175,1.0,0.7776970284237726,0.25,0.9671760045274477,0.9754168535203229,0.9712789493981774,0.9854395146910904,0.9855870143066849,0.8548290341931614,14.949009895324707,0.21999891102313995,0.9490101933479309,0.0033993403116862053,0.7180924194884261,8233.22363750171,9586.705078125,10.0,16.0,161061273600.0,161061273600.0,0.6,
False,43,0.013299898351650512,1.0,1.0,1.0,1.0,0.7777777777777778,0.65,0.9688246487712053,0.9755391577316646,0.9721703095799139,0.986085154789957,0.986085154789957,0.8602279544091181,14.949009895324707,0.21999891102313995,0.9490101933479309,0.0033993403116862053,0.7194167146572346,9444.059317110572,9592.43994140625,10.0,16.0,161061273600.0,161061273600.0,0.6,
False,44,0.013431289280235589,1.0,1.0,1.0,1.0,0.7777777777777778,0.9,0.9681203980904604,0.9755799258021118,0.9718358478689058,0.9859179239344529,0.9859179239344529,0.857628474305139,14.948410034179688,0.2212192863225937,0.9484103322029114,0.003439331054687522,0.7188650086083129,10065.449899483938,9590.09619140625,10.0,16.0,161061273600.0,161061273600.0,0.6,
False,42,0.013313144544911639,0.9998000399920016,0.9999475368553591,0.9998950792151925,1.0,0.7777359909740504,0.15,0.967889351720791,0.9757022300134535,0.9717800877050512,0.9857900638485264,0.9858638122802051,0.857628474305139,14.949009895324707,0.21999891102313995,0.9490101933479309,0.0033993403116862053,0.7187814950066012,9743.113755399827,10027.22216796875,11.0,16.0,161061273600.0,161061273600.0,0.7,
False,43,0.01334065722974152,0.9998000399920016,0.9999475313500183,1.0,0.9998950682056663,0.77773605374056,0.65,0.9682681021572833,0.9752945493089812,0.971768624583638,0.9857843322878198,0.9858580779668282,0.8590281943611278,14.948410034179688,0.2212192863225937,0.9484103322029114,0.003439331054687522,0.719070003125205,10119.154853658285,10030.22412109375,11.0,16.0,161061273600.0,161061273600.0,0.7,
False,44,0.013526897954561311,1.0,1.0,1.0,1.0,0.7777777777777778,0.6,0.9683959210100356,0.975620693872559,0.9719948823135193,0.9859974411567596,0.9859974411567596,0.8580283943211358,14.948410034179688,0.2212192863225937,0.9484103322029114,0.003439331054687522,0.7189648719170889,10482.648641036358,10019.84619140625,11.0,16.0,161061273600.0,161061273600.0,0.7,
False,42,0.01326278888083875,0.9998000399920016,0.9999475368553591,0.9998950792151925,1.0,0.7777373884244114,0.2,0.967644084934277,0.9753760854498756,0.9714947009379947,0.9856473704649982,0.9857211188966769,0.855628874225155,14.949009895324707,0.21999891102313995,0.9490101933479309,0.0033993403116862053,0.7183459016447222,10313.956423355266,10963.59716796875,13.0,16.0,161061273600.0,161061273600.0,0.8,
False,43,0.013459166297101425,0.9998000399920016,0.9999475313500183,1.0,0.9998950682056663,0.7777373590396508,0.85,0.9683541742543806,0.9755391577316646,0.9719333874898456,0.9858667137409236,0.9859404594199319,0.8584283143371326,14.949009895324707,0.21999891102313995,0.9490101933479309,0.0033993403116862053,0.7189606247979317,10379.904954554979,10961.16162109375,13.0,16.0,161061273600.0,161061273600.0,0.8,
False,44,0.013331367558966682,1.0,1.0,1.0,1.0,0.7777777777777778,0.2,0.9687196503722888,0.9759468384361368,0.9723198147884894,0.9861599073942446,0.9861599073942446,0.8600279944011198,14.948410034179688,0.2212192863225937,0.9484103322029114,0.003439331054687522,0.7194054084924569,10362.626502059866,10960.15869140625,13.0,16.0,161061273600.0,161061273600.0,0.8,
False,42,0.013367240451108561,0.9996000799840032,0.9998950682056663,0.9998950682056663,0.9998950682056663,0.7776942669368325,0.65,0.968126845447559,0.9757837661543479,0.9719402257776334,0.9857701528808183,0.9859176469916499,0.8584283143371326,14.948610305786133,0.22081342339515686,0.9486103057861328,0.0034259796142578347,0.7189015935141044,10320.914511161856,11441.44091796875,14.0,16.0,161061273600.0,161061273600.0,0.9,
False,43,0.013648084641108624,0.9996000799840032,0.9998950682056663,0.9998950682056663,0.9998950682056663,0.7776942669368325,0.35,0.9682301995224413,0.9753353173794285,0.9717697713148382,0.9856849256494207,0.9858324197602523,0.8582283543291341,14.948410034179688,0.2212192863225937,0.9484103322029114,0.003439331054687522,0.7188436325647627,10152.731873408426,11423.44287109375,14.0,16.0,161061273600.0,161061273600.0,0.9,
False,44,0.013478615950043023,1.0,1.0,1.0,1.0,0.7777777777777778,0.95,0.9684414953876032,0.9758245342247951,0.9721189968524724,0.9860594984262362,0.9860594984262362,0.8580283943211358,14.948810577392578,0.220406636595726,0.9488102197647095,0.003412628173828147,0.7189737105142432,10449.213913105894,11421.93994140625,14.0,16.0,161061273600.0,161061273600.0,0.9,
True,42,,,,,,,,,,,,,,,,,,,,,,,,,1.0,"CUDA out of memory. Tried to allocate 32.00 MiB. GPU 0 has a total capacity of 31.36 GiB of which 26.69 MiB is free. Including non-PyTorch memory, this process has 13.33 GiB memory in use. Process 3085745 has 17.98 GiB memory in use. Of the allocated memory 11.97 GiB is allocated by PyTorch, and 780.82 MiB is reserved by PyTorch but unallocated. If reserved but unallocated memory is large try setting PYTORCH_CUDA_ALLOC_CONF=expandable_segments:True to avoid fragmentation.  See documentation for Memory Management  (https://docs.pytorch.org/docs/stable/notes/cuda.html#optimizing-memory-usage-with-pytorch-cuda-alloc-conf)"
True,43,,,,,,,,,,,,,,,,,,,,,,,,,1.0,"CUDA out of memory. Tried to allocate 32.00 MiB. GPU 0 has a total capacity of 31.36 GiB of which 6.69 MiB is free. Including non-PyTorch memory, this process has 13.35 GiB memory in use. Process 3085745 has 17.98 GiB memory in use. Of the allocated memory 12.01 GiB is allocated by PyTorch, and 761.76 MiB is reserved by PyTorch but unallocated. If reserved but unallocated memory is large try setting PYTORCH_CUDA_ALLOC_CONF=expandable_segments:True to avoid fragmentation.  See documentation for Memory Management  (https://docs.pytorch.org/docs/stable/notes/cuda.html#optimizing-memory-usage-with-pytorch-cuda-alloc-conf)"
True,44,,,,,,,,,,,,,,,,,,,,,,,,,1.0,"CUDA out of memory. Tried to allocate 32.00 MiB. GPU 0 has a total capacity of 31.36 GiB of which 20.69 MiB is free. Including non-PyTorch memory, this process has 13.33 GiB memory in use. Process 3085745 has 17.98 GiB memory in use. Of the allocated memory 11.96 GiB is allocated by PyTorch, and 803.14 MiB is reserved by PyTorch but unallocated. If reserved but unallocated memory is large try setting PYTORCH_CUDA_ALLOC_CONF=expandable_segments:True to avoid fragmentation.  See documentation for Memory Management  (https://docs.pytorch.org/docs/stable/notes/cuda.html#optimizing-memory-usage-with-pytorch-cuda-alloc-conf)"
