unfrozen_ratio,n,paired,mean,std,baseline_mean,delta,t_stat,t_pvalue,cohens_d,t_pvalue_fdr_reject_at_0.05
0.0,3,True,0.5319802600891332,0.020734790081283854,0.998662924672665,-0.4666826645835318,-38.795398807992655,0.0006637537599809898,-31.82964907175676,True
0.1,3,True,0.9975735977643095,5.696245123703173e-05,0.998662924672665,-0.0010893269083555035,-12.752975934967775,0.00609247645388503,-13.265009356601219,True
0.2,3,True,0.9982258531798541,4.034612477869945e-05,0.998662924672665,-0.0004370714928109143,-5.68763399622402,0.02954935837903202,-5.673243371186775,False
0.3,3,True,0.998456148409261,0.000138988017140158,0.998662924672665,-0.00020677626340404043,-1.49590665401931,0.27332953606826277,-1.700827236990903,False
0.4,3,True,0.9985386223880558,0.00015323629039016895,0.998662924672665,-0.00012430228460924564,-1.2653882933363403,0.3331936340801094,-0.9572462901838988,False
0.6,3,True,0.9987235430858954,0.00013817044711758098,0.998662924672665,6.061841323035111e-05,0.8140434274984656,0.5011279523855985,0.5005356835037721,False
0.7,3,True,0.9988637059827257,0.00014184047486403154,0.998662924672665,0.00020078131006062705,3.27027041757507,0.08214731692198453,1.629583805230706,False
0.8,3,True,0.9988410469762353,0.00011608723053556561,0.998662924672665,0.0001781223035702828,2.246312614357215,0.15374483790200338,1.6356294648622056,False
0.9,3,True,0.9987219916885662,4.3022946944121405e-05,0.998662924672665,5.906701590119301e-05,1.2168278547170532,0.34777458777935044,0.7595905378952882,False
